{"cameraMode":{"drawMode":0,"name":"Shaded","section":"Shading Mode"},"sceneLighting":false,"audioPlay":false,"sceneViewState":{"showFog":false,"showMaterialUpdate":true,"showSkybox":false,"showFlares":false,"showImageEffects":false,"showParticleSystems":false},"in2DMode":false,"pivot":{"x":-20.780000686645509,"y":1.6799997091293336,"z":-8.854499816894532},"rotation":{"x":0.05884357541799545,"y":0.7287689447402954,"z":-0.06311642378568649,"w":0.6793195605278015},"size":21.685993194580079,"orthographic":true}