{"cameraMode":{"drawMode":0,"name":"Shaded","section":"Shading Mode"},"sceneLighting":false,"audioPlay":false,"sceneViewState":{"showFog":false,"showMaterialUpdate":true,"showSkybox":false,"showFlares":false,"showImageEffects":false,"showParticleSystems":false},"in2DMode":false,"pivot":{"x":-94.11417388916016,"y":-1.9621036052703858,"z":13.06120491027832},"rotation":{"x":0.011174524202942849,"y":0.9887259006500244,"z":-0.09760313481092453,"w":0.11318593472242356},"size":8.960275650024414,"orthographic":true}