{"cameraMode":{"drawMode":0,"name":"Shaded","section":"Shading Mode"},"sceneLighting":false,"audioPlay":false,"sceneViewState":{"showFog":false,"showMaterialUpdate":true,"showSkybox":false,"showFlares":false,"showImageEffects":false,"showParticleSystems":false},"in2DMode":false,"pivot":{"x":-100.11416625976563,"y":27.397497177124025,"z":15.550145149230957},"rotation":{"x":-0.06130875647068024,"y":0.6598638296127319,"z":-0.05416247621178627,"w":-0.7469213008880615},"size":681.1064453125,"orthographic":true}