{"cameraMode":{"drawMode":0,"name":"Shaded","section":"Shading Mode"},"sceneLighting":false,"audioPlay":false,"sceneViewState":{"showFog":false,"showMaterialUpdate":true,"showSkybox":false,"showFlares":false,"showImageEffects":false,"showParticleSystems":false},"in2DMode":false,"pivot":{"x":27.267314910888673,"y":7.064562797546387,"z":21.72179412841797},"rotation":{"x":-0.06709714978933335,"y":-0.9298546314239502,"z":0.21369794011116029,"w":-0.291925311088562},"size":4.041658401489258,"orthographic":true}