{"cameraMode":{"drawMode":0,"name":"Shaded","section":"Shading Mode"},"sceneLighting":false,"audioPlay":false,"sceneViewState":{"showFog":false,"showMaterialUpdate":true,"showSkybox":false,"showFlares":false,"showImageEffects":false,"showParticleSystems":false},"in2DMode":false,"pivot":{"x":-61.749122619628909,"y":20.398155212402345,"z":35.074562072753909},"rotation":{"x":0.18149681389331819,"y":0.17191395163536073,"z":-0.0322435162961483,"w":0.9677194356918335},"size":52.861114501953128,"orthographic":true}