{"cameraMode":{"drawMode":0,"name":"Shaded","section":"Shading Mode"},"sceneLighting":false,"audioPlay":false,"sceneViewState":{"showFog":false,"showMaterialUpdate":true,"showSkybox":false,"showFlares":false,"showImageEffects":false,"showParticleSystems":false},"in2DMode":false,"pivot":{"x":-1.9782485961914063,"y":1.8268874883651734,"z":0.10026488453149796},"rotation":{"x":-0.08955450356006623,"y":-0.6960097551345825,"z":0.08816178143024445,"w":-0.7069592475891113},"size":5.727312088012695,"orthographic":true}