{"cameraMode":{"drawMode":0,"name":"Shaded","section":"Shading Mode"},"sceneLighting":false,"audioPlay":false,"sceneViewState":{"showFog":false,"showMaterialUpdate":true,"showSkybox":false,"showFlares":false,"showImageEffects":false,"showParticleSystems":false},"in2DMode":false,"pivot":{"x":-99.06880187988281,"y":1.2700004577636719,"z":31.722644805908204},"rotation":{"x":-0.05696180835366249,"y":-0.6581699252128601,"z":0.05004803463816643,"w":-0.7490488290786743},"size":340.15625,"orthographic":true}